PassengerId,S,C,G,Pclass,Ho,Fe,Age,SibSp,Parch,Fare,Survived
1,1,0,0,3,1,0,22,1,0,7.25,0
2,0,1,0,1,0,1,38,1,0,71.2833,1
3,1,0,0,3,0,1,26,0,0,7.925,1
4,1,0,0,1,0,1,35,1,0,53.1,1
5,1,0,0,3,1,0,35,0,0,8.05,0
6,0,0,1,3,1,0,29.985855728429986,0,0,8.4583,0
7,1,0,0,1,1,0,54,0,0,51.8625,0
8,1,0,0,3,1,0,2,3,1,21.075,0
9,1,0,0,3,0,1,27,0,2,11.1333,1
10,0,1,0,2,0,1,14,1,0,30.0708,1
11,1,0,0,3,0,1,4,1,1,16.7,1
12,1,0,0,1,0,1,58,0,0,26.55,1
13,1,0,0,3,1,0,20,0,0,8.05,0
14,1,0,0,3,1,0,39,1,5,31.275,0
15,1,0,0,3,0,1,14,0,0,7.8542,0
16,1,0,0,2,0,1,55,0,0,16,1
17,0,0,1,3,1,0,2,4,1,29.125,0
18,1,0,0,2,1,0,29.985855728429986,0,0,13,1
19,1,0,0,3,0,1,31,1,0,18,0
20,0,1,0,3,0,1,29.985855728429986,0,0,7.225,1
21,1,0,0,2,1,0,35,0,0,26,0
22,1,0,0,2,1,0,34,0,0,13,1
23,0,0,1,3,0,1,15,0,0,8.0292,1
24,1,0,0,1,1,0,28,0,0,35.5,1
25,1,0,0,3,0,1,8,3,1,21.075,0
26,1,0,0,3,0,1,38,1,5,31.3875,1
27,0,1,0,3,1,0,29.985855728429986,0,0,7.225,0
28,1,0,0,1,1,0,19,3,2,263,0
29,0,0,1,3,0,1,29.985855728429986,0,0,7.8792,1
30,1,0,0,3,1,0,29.985855728429986,0,0,7.8958,0
31,0,1,0,1,1,0,40,0,0,27.7208,0
32,0,1,0,1,0,1,29.985855728429986,1,0,146.5208,1
33,0,0,1,3,0,1,29.985855728429986,0,0,7.75,1
34,1,0,0,2,1,0,66,0,0,10.5,0
35,0,1,0,1,1,0,28,1,0,82.1708,0
36,1,0,0,1,1,0,42,1,0,52,0
37,0,1,0,3,1,0,29.985855728429986,0,0,7.2292,1
38,1,0,0,3,1,0,21,0,0,8.05,0
39,1,0,0,3,0,1,18,2,0,18,0
40,0,1,0,3,0,1,14,1,0,11.2417,1
41,1,0,0,3,0,1,40,1,0,9.475,0
42,1,0,0,2,0,1,27,1,0,21,0
43,0,1,0,3,1,0,29.985855728429986,0,0,7.8958,0
44,0,1,0,2,0,1,3,1,2,41.5792,1
45,0,0,1,3,0,1,19,0,0,7.8792,1
46,1,0,0,3,1,0,29.985855728429986,0,0,8.05,0
47,0,0,1,3,1,0,29.985855728429986,1,0,15.5,0
48,0,0,1,3,0,1,29.985855728429986,0,0,7.75,1
49,0,1,0,3,1,0,29.985855728429986,2,0,21.6792,0
50,1,0,0,3,0,1,18,1,0,17.8,0
51,1,0,0,3,1,0,7,4,1,39.6875,0
52,1,0,0,3,1,0,21,0,0,7.8,0
53,0,1,0,1,0,1,49,1,0,76.7292,1
54,1,0,0,2,0,1,29,1,0,26,1
55,0,1,0,1,1,0,65,0,1,61.9792,0
56,1,0,0,1,1,0,29.985855728429986,0,0,35.5,1
57,1,0,0,2,0,1,21,0,0,10.5,1
58,0,1,0,3,1,0,28.5,0,0,7.2292,0
59,1,0,0,2,0,1,5,1,2,27.75,1
60,1,0,0,3,1,0,11,5,2,46.9,0
61,0,1,0,3,1,0,22,0,0,7.2292,0
62,0,0,0,1,0,1,38,0,0,80,1
63,1,0,0,1,1,0,45,1,0,83.475,0
64,1,0,0,3,1,0,4,3,2,27.9,0
65,0,1,0,1,1,0,29.985855728429986,0,0,27.7208,0
66,0,1,0,3,1,0,29.985855728429986,1,1,15.2458,1
67,1,0,0,2,0,1,29,0,0,10.5,1
68,1,0,0,3,1,0,19,0,0,8.1583,0
69,1,0,0,3,0,1,17,4,2,7.925,1
70,1,0,0,3,1,0,26,2,0,8.6625,0
71,1,0,0,2,1,0,32,0,0,10.5,0
72,1,0,0,3,0,1,16,5,2,46.9,0
73,1,0,0,2,1,0,21,0,0,73.5,0
74,0,1,0,3,1,0,26,1,0,14.4542,0
75,1,0,0,3,1,0,32,0,0,56.4958,1
76,1,0,0,3,1,0,25,0,0,7.65,0
77,1,0,0,3,1,0,29.985855728429986,0,0,7.8958,0
78,1,0,0,3,1,0,29.985855728429986,0,0,8.05,0
79,1,0,0,2,1,0,0.83,0,2,29,1
80,1,0,0,3,0,1,30,0,0,12.475,1
81,1,0,0,3,1,0,22,0,0,9,0
82,1,0,0,3,1,0,29,0,0,9.5,1
83,0,0,1,3,0,1,29.985855728429986,0,0,7.7875,1
84,1,0,0,1,1,0,28,0,0,47.1,0
85,1,0,0,2,0,1,17,0,0,10.5,1
86,1,0,0,3,0,1,33,3,0,15.85,1
87,1,0,0,3,1,0,16,1,3,34.375,0
88,1,0,0,3,1,0,29.985855728429986,0,0,8.05,0
89,1,0,0,1,0,1,23,3,2,263,1
90,1,0,0,3,1,0,24,0,0,8.05,0
91,1,0,0,3,1,0,29,0,0,8.05,0
92,1,0,0,3,1,0,20,0,0,7.8542,0
93,1,0,0,1,1,0,46,1,0,61.175,0
94,1,0,0,3,1,0,26,1,2,20.575,0
95,1,0,0,3,1,0,59,0,0,7.25,0
96,1,0,0,3,1,0,29.985855728429986,0,0,8.05,0
97,0,1,0,1,1,0,71,0,0,34.6542,0
98,0,1,0,1,1,0,23,0,1,63.3583,1
99,1,0,0,2,0,1,34,0,1,23,1
100,1,0,0,2,1,0,34,1,0,26,0
101,1,0,0,3,0,1,28,0,0,7.8958,0
102,1,0,0,3,1,0,29.985855728429986,0,0,7.8958,0
103,1,0,0,1,1,0,21,0,1,77.2875,0
104,1,0,0,3,1,0,33,0,0,8.6542,0
105,1,0,0,3,1,0,37,2,0,7.925,0
106,1,0,0,3,1,0,28,0,0,7.8958,0
107,1,0,0,3,0,1,21,0,0,7.65,1
108,1,0,0,3,1,0,29.985855728429986,0,0,7.775,1
109,1,0,0,3,1,0,38,0,0,7.8958,0
110,0,0,1,3,0,1,29.985855728429986,1,0,24.15,1
111,1,0,0,1,1,0,47,0,0,52,0
112,0,1,0,3,0,1,14.5,1,0,14.4542,0
113,1,0,0,3,1,0,22,0,0,8.05,0
114,1,0,0,3,0,1,20,1,0,9.825,0
115,0,1,0,3,0,1,17,0,0,14.4583,0
116,1,0,0,3,1,0,21,0,0,7.925,0
117,0,0,1,3,1,0,70.5,0,0,7.75,0
118,1,0,0,2,1,0,29,1,0,21,0
119,0,1,0,1,1,0,24,0,1,247.5208,0
120,1,0,0,3,0,1,2,4,2,31.275,0
121,1,0,0,2,1,0,21,2,0,73.5,0
122,1,0,0,3,1,0,29.985855728429986,0,0,8.05,0
123,0,1,0,2,1,0,32.5,1,0,30.0708,0
124,1,0,0,2,0,1,32.5,0,0,13,1
125,1,0,0,1,1,0,54,0,1,77.2875,0
126,0,1,0,3,1,0,12,1,0,11.2417,1
127,0,0,1,3,1,0,29.985855728429986,0,0,7.75,0
128,1,0,0,3,1,0,24,0,0,7.1417,1
129,0,1,0,3,0,1,29.985855728429986,1,1,22.3583,1
130,1,0,0,3,1,0,45,0,0,6.975,0
131,0,1,0,3,1,0,33,0,0,7.8958,0
132,1,0,0,3,1,0,20,0,0,7.05,0
133,1,0,0,3,0,1,47,1,0,14.5,0
134,1,0,0,2,0,1,29,1,0,26,1
135,1,0,0,2,1,0,25,0,0,13,0
136,0,1,0,2,1,0,23,0,0,15.0458,0
137,1,0,0,1,0,1,19,0,2,26.2833,1
138,1,0,0,1,1,0,37,1,0,53.1,0
139,1,0,0,3,1,0,16,0,0,9.2167,0
140,0,1,0,1,1,0,24,0,0,79.2,0
141,0,1,0,3,0,1,29.985855728429986,0,2,15.2458,0
142,1,0,0,3,0,1,22,0,0,7.75,1
143,1,0,0,3,0,1,24,1,0,15.85,1
144,0,0,1,3,1,0,19,0,0,6.75,0
145,1,0,0,2,1,0,18,0,0,11.5,0
146,1,0,0,2,1,0,19,1,1,36.75,0
147,1,0,0,3,1,0,27,0,0,7.7958,1
148,1,0,0,3,0,1,9,2,2,34.375,0
149,1,0,0,2,1,0,36.5,0,2,26,0
150,1,0,0,2,1,0,42,0,0,13,0
151,1,0,0,2,1,0,51,0,0,12.525,0
152,1,0,0,1,0,1,22,1,0,66.6,1
153,1,0,0,3,1,0,55.5,0,0,8.05,0
154,1,0,0,3,1,0,40.5,0,2,14.5,0
155,1,0,0,3,1,0,29.985855728429986,0,0,7.3125,0
156,0,1,0,1,1,0,51,0,1,61.3792,0
157,0,0,1,3,0,1,16,0,0,7.7333,1
158,1,0,0,3,1,0,30,0,0,8.05,0
159,1,0,0,3,1,0,29.985855728429986,0,0,8.6625,0
160,1,0,0,3,1,0,29.985855728429986,8,2,69.55,0
161,1,0,0,3,1,0,44,0,1,16.1,0
162,1,0,0,2,0,1,40,0,0,15.75,1
163,1,0,0,3,1,0,26,0,0,7.775,0
164,1,0,0,3,1,0,17,0,0,8.6625,0
165,1,0,0,3,1,0,1,4,1,39.6875,0
166,1,0,0,3,1,0,9,0,2,20.525,1
167,1,0,0,1,0,1,29.985855728429986,0,1,55,1
168,1,0,0,3,0,1,45,1,4,27.9,0
169,1,0,0,1,1,0,29.985855728429986,0,0,25.925,0
170,1,0,0,3,1,0,28,0,0,56.4958,0
171,1,0,0,1,1,0,61,0,0,33.5,0
172,0,0,1,3,1,0,4,4,1,29.125,0
173,1,0,0,3,0,1,1,1,1,11.1333,1
174,1,0,0,3,1,0,21,0,0,7.925,0
175,0,1,0,1,1,0,56,0,0,30.6958,0
176,1,0,0,3,1,0,18,1,1,7.8542,0
177,1,0,0,3,1,0,29.985855728429986,3,1,25.4667,0
178,0,1,0,1,0,1,50,0,0,28.7125,0
179,1,0,0,2,1,0,30,0,0,13,0
180,1,0,0,3,1,0,36,0,0,0,0
181,1,0,0,3,0,1,29.985855728429986,8,2,69.55,0
182,0,1,0,2,1,0,29.985855728429986,0,0,15.05,0
183,1,0,0,3,1,0,9,4,2,31.3875,0
184,1,0,0,2,1,0,1,2,1,39,1
185,1,0,0,3,0,1,4,0,2,22.025,1
186,1,0,0,1,1,0,29.985855728429986,0,0,50,0
187,0,0,1,3,0,1,29.985855728429986,1,0,15.5,1
188,1,0,0,1,1,0,45,0,0,26.55,1
189,0,0,1,3,1,0,40,1,1,15.5,0
190,1,0,0,3,1,0,36,0,0,7.8958,0
191,1,0,0,2,0,1,32,0,0,13,1
192,1,0,0,2,1,0,19,0,0,13,0
193,1,0,0,3,0,1,19,1,0,7.8542,1
194,1,0,0,2,1,0,3,1,1,26,1
195,0,1,0,1,0,1,44,0,0,27.7208,1
196,0,1,0,1,0,1,58,0,0,146.5208,1
197,0,0,1,3,1,0,29.985855728429986,0,0,7.75,0
198,1,0,0,3,1,0,42,0,1,8.4042,0
199,0,0,1,3,0,1,29.985855728429986,0,0,7.75,1
200,1,0,0,2,0,1,24,0,0,13,0
201,1,0,0,3,1,0,28,0,0,9.5,0
202,1,0,0,3,1,0,29.985855728429986,8,2,69.55,0
203,1,0,0,3,1,0,34,0,0,6.4958,0
204,0,1,0,3,1,0,45.5,0,0,7.225,0
205,1,0,0,3,1,0,18,0,0,8.05,1
206,1,0,0,3,0,1,2,0,1,10.4625,0
207,1,0,0,3,1,0,32,1,0,15.85,0
208,0,1,0,3,1,0,26,0,0,18.7875,1
209,0,0,1,3,0,1,16,0,0,7.75,1
210,0,1,0,1,1,0,40,0,0,31,1
211,1,0,0,3,1,0,24,0,0,7.05,0
212,1,0,0,2,0,1,35,0,0,21,1
213,1,0,0,3,1,0,22,0,0,7.25,0
214,1,0,0,2,1,0,30,0,0,13,0
215,0,0,1,3,1,0,29.985855728429986,1,0,7.75,0
216,0,1,0,1,0,1,31,1,0,113.275,1
217,1,0,0,3,0,1,27,0,0,7.925,1
218,1,0,0,2,1,0,42,1,0,27,0
219,0,1,0,1,0,1,32,0,0,76.2917,1
220,1,0,0,2,1,0,30,0,0,10.5,0
221,1,0,0,3,1,0,16,0,0,8.05,1
222,1,0,0,2,1,0,27,0,0,13,0
223,1,0,0,3,1,0,51,0,0,8.05,0
224,1,0,0,3,1,0,29.985855728429986,0,0,7.8958,0
225,1,0,0,1,1,0,38,1,0,90,1
226,1,0,0,3,1,0,22,0,0,9.35,0
227,1,0,0,2,1,0,19,0,0,10.5,1
228,1,0,0,3,1,0,20.5,0,0,7.25,0
229,1,0,0,2,1,0,18,0,0,13,0
230,1,0,0,3,0,1,29.985855728429986,3,1,25.4667,0
231,1,0,0,1,0,1,35,1,0,83.475,1
232,1,0,0,3,1,0,29,0,0,7.775,0
233,1,0,0,2,1,0,59,0,0,13.5,0
234,1,0,0,3,0,1,5,4,2,31.3875,1
235,1,0,0,2,1,0,24,0,0,10.5,0
236,1,0,0,3,0,1,29.985855728429986,0,0,7.55,0
237,1,0,0,2,1,0,44,1,0,26,0
238,1,0,0,2,0,1,8,0,2,26.25,1
239,1,0,0,2,1,0,19,0,0,10.5,0
240,1,0,0,2,1,0,33,0,0,12.275,0
241,0,1,0,3,0,1,29.985855728429986,1,0,14.4542,0
242,0,0,1,3,0,1,29.985855728429986,1,0,15.5,1
243,1,0,0,2,1,0,29,0,0,10.5,0
244,1,0,0,3,1,0,22,0,0,7.125,0
245,0,1,0,3,1,0,30,0,0,7.225,0
246,0,0,1,1,1,0,44,2,0,90,0
247,1,0,0,3,0,1,25,0,0,7.775,0
248,1,0,0,2,0,1,24,0,2,14.5,1
249,1,0,0,1,1,0,37,1,1,52.5542,1
250,1,0,0,2,1,0,54,1,0,26,0
251,1,0,0,3,1,0,29.985855728429986,0,0,7.25,0
252,1,0,0,3,0,1,29,1,1,10.4625,0
253,1,0,0,1,1,0,62,0,0,26.55,0
254,1,0,0,3,1,0,30,1,0,16.1,0
255,1,0,0,3,0,1,41,0,2,20.2125,0
256,0,1,0,3,0,1,29,0,2,15.2458,1
257,0,1,0,1,0,1,29.985855728429986,0,0,79.2,1
258,1,0,0,1,0,1,30,0,0,86.5,1
259,0,1,0,1,0,1,35,0,0,512.3292,1
260,1,0,0,2,0,1,50,0,1,26,1
261,0,0,1,3,1,0,29.985855728429986,0,0,7.75,0
262,1,0,0,3,1,0,3,4,2,31.3875,1
263,1,0,0,1,1,0,52,1,1,79.65,0
264,1,0,0,1,1,0,40,0,0,0,0
265,0,0,1,3,0,1,29.985855728429986,0,0,7.75,0
266,1,0,0,2,1,0,36,0,0,10.5,0
267,1,0,0,3,1,0,16,4,1,39.6875,0
268,1,0,0,3,1,0,25,1,0,7.775,1
269,1,0,0,1,0,1,58,0,1,153.4625,1
270,1,0,0,1,0,1,35,0,0,135.6333,1
271,1,0,0,1,1,0,29.985855728429986,0,0,31,0
272,1,0,0,3,1,0,25,0,0,0,1
273,1,0,0,2,0,1,41,0,1,19.5,1
274,0,1,0,1,1,0,37,0,1,29.7,0
275,0,0,1,3,0,1,29.985855728429986,0,0,7.75,1
276,1,0,0,1,0,1,63,1,0,77.9583,1
277,1,0,0,3,0,1,45,0,0,7.75,0
278,1,0,0,2,1,0,29.985855728429986,0,0,0,0
279,0,0,1,3,1,0,7,4,1,29.125,0
280,1,0,0,3,0,1,35,1,1,20.25,1
281,0,0,1,3,1,0,65,0,0,7.75,0
282,1,0,0,3,1,0,28,0,0,7.8542,0
283,1,0,0,3,1,0,16,0,0,9.5,0
284,1,0,0,3,1,0,19,0,0,8.05,1
285,1,0,0,1,1,0,29.985855728429986,0,0,26,0
286,0,1,0,3,1,0,33,0,0,8.6625,0
287,1,0,0,3,1,0,30,0,0,9.5,1
288,1,0,0,3,1,0,22,0,0,7.8958,0
289,1,0,0,2,1,0,42,0,0,13,1
290,0,0,1,3,0,1,22,0,0,7.75,1
291,1,0,0,1,0,1,26,0,0,78.85,1
292,0,1,0,1,0,1,19,1,0,91.0792,1
293,0,1,0,2,1,0,36,0,0,12.875,0
294,1,0,0,3,0,1,24,0,0,8.85,0
295,1,0,0,3,1,0,24,0,0,7.8958,0
296,0,1,0,1,1,0,29.985855728429986,0,0,27.7208,0
297,0,1,0,3,1,0,23.5,0,0,7.2292,0
298,1,0,0,1,0,1,2,1,2,151.55,0
299,1,0,0,1,1,0,29.985855728429986,0,0,30.5,1
300,0,1,0,1,0,1,50,0,1,247.5208,1
301,0,0,1,3,0,1,29.985855728429986,0,0,7.75,1
302,0,0,1,3,1,0,29.985855728429986,2,0,23.25,1
303,1,0,0,3,1,0,19,0,0,0,0
304,0,0,1,2,0,1,29.985855728429986,0,0,12.35,1
305,1,0,0,3,1,0,29.985855728429986,0,0,8.05,0
306,1,0,0,1,1,0,0.92,1,2,151.55,1
307,0,1,0,1,0,1,29.985855728429986,0,0,110.8833,1
308,0,1,0,1,0,1,17,1,0,108.9,1
309,0,1,0,2,1,0,30,1,0,24,0
310,0,1,0,1,0,1,30,0,0,56.9292,1
311,0,1,0,1,0,1,24,0,0,83.1583,1
312,0,1,0,1,0,1,18,2,2,262.375,1
313,1,0,0,2,0,1,26,1,1,26,0
314,1,0,0,3,1,0,28,0,0,7.8958,0
315,1,0,0,2,1,0,43,1,1,26.25,0
316,1,0,0,3,0,1,26,0,0,7.8542,1
317,1,0,0,2,0,1,24,1,0,26,1
318,1,0,0,2,1,0,54,0,0,14,0
319,1,0,0,1,0,1,31,0,2,164.8667,1
320,0,1,0,1,0,1,40,1,1,134.5,1
321,1,0,0,3,1,0,22,0,0,7.25,0
322,1,0,0,3,1,0,27,0,0,7.8958,0
323,0,0,1,2,0,1,30,0,0,12.35,1
324,1,0,0,2,0,1,22,1,1,29,1
325,1,0,0,3,1,0,29.985855728429986,8,2,69.55,0
326,0,1,0,1,0,1,36,0,0,135.6333,1
327,1,0,0,3,1,0,61,0,0,6.2375,0
328,1,0,0,2,0,1,36,0,0,13,1
329,1,0,0,3,0,1,31,1,1,20.525,1
330,0,1,0,1,0,1,16,0,1,57.9792,1
331,0,0,1,3,0,1,29.985855728429986,2,0,23.25,1
332,1,0,0,1,1,0,45.5,0,0,28.5,0
333,1,0,0,1,1,0,38,0,1,153.4625,0
334,1,0,0,3,1,0,16,2,0,18,0
335,1,0,0,1,0,1,29.985855728429986,1,0,133.65,1
336,1,0,0,3,1,0,29.985855728429986,0,0,7.8958,0
337,1,0,0,1,1,0,29,1,0,66.6,0
338,0,1,0,1,0,1,41,0,0,134.5,1
339,1,0,0,3,1,0,45,0,0,8.05,1
340,1,0,0,1,1,0,45,0,0,35.5,0
341,1,0,0,2,1,0,2,1,1,26,1
342,1,0,0,1,0,1,24,3,2,263,1
343,1,0,0,2,1,0,28,0,0,13,0
344,1,0,0,2,1,0,25,0,0,13,0
345,1,0,0,2,1,0,36,0,0,13,0
346,1,0,0,2,0,1,24,0,0,13,1
347,1,0,0,2,0,1,40,0,0,13,1
348,1,0,0,3,0,1,29.985855728429986,1,0,16.1,1
349,1,0,0,3,1,0,3,1,1,15.9,1
350,1,0,0,3,1,0,42,0,0,8.6625,0
351,1,0,0,3,1,0,23,0,0,9.225,0
352,1,0,0,1,1,0,29.985855728429986,0,0,35,0
353,0,1,0,3,1,0,15,1,1,7.2292,0
354,1,0,0,3,1,0,25,1,0,17.8,0
355,0,1,0,3,1,0,29.985855728429986,0,0,7.225,0
356,1,0,0,3,1,0,28,0,0,9.5,0
357,1,0,0,1,0,1,22,0,1,55,1
358,1,0,0,2,0,1,38,0,0,13,0
359,0,0,1,3,0,1,29.985855728429986,0,0,7.8792,1
360,0,0,1,3,0,1,29.985855728429986,0,0,7.8792,1
361,1,0,0,3,1,0,40,1,4,27.9,0
362,0,1,0,2,1,0,29,1,0,27.7208,0
363,0,1,0,3,0,1,45,0,1,14.4542,0
364,1,0,0,3,1,0,35,0,0,7.05,0
365,0,0,1,3,1,0,29.985855728429986,1,0,15.5,0
366,1,0,0,3,1,0,30,0,0,7.25,0
367,0,1,0,1,0,1,60,1,0,75.25,1
368,0,1,0,3,0,1,29.985855728429986,0,0,7.2292,1
369,0,0,1,3,0,1,29.985855728429986,0,0,7.75,1
370,0,1,0,1,0,1,24,0,0,69.3,1
371,0,1,0,1,1,0,25,1,0,55.4417,1
372,1,0,0,3,1,0,18,1,0,6.4958,0
373,1,0,0,3,1,0,19,0,0,8.05,0
374,0,1,0,1,1,0,22,0,0,135.6333,0
375,1,0,0,3,0,1,3,3,1,21.075,0
376,0,1,0,1,0,1,29.985855728429986,1,0,82.1708,1
377,1,0,0,3,0,1,22,0,0,7.25,1
378,0,1,0,1,1,0,27,0,2,211.5,0
379,0,1,0,3,1,0,20,0,0,4.0125,0
380,1,0,0,3,1,0,19,0,0,7.775,0
381,0,1,0,1,0,1,42,0,0,227.525,1
382,0,1,0,3,0,1,1,0,2,15.7417,1
383,1,0,0,3,1,0,32,0,0,7.925,0
384,1,0,0,1,0,1,35,1,0,52,1
385,1,0,0,3,1,0,29.985855728429986,0,0,7.8958,0
386,1,0,0,2,1,0,18,0,0,73.5,0
387,1,0,0,3,1,0,1,5,2,46.9,0
388,1,0,0,2,0,1,36,0,0,13,1
389,0,0,1,3,1,0,29.985855728429986,0,0,7.7292,0
390,0,1,0,2,0,1,17,0,0,12,1
391,1,0,0,1,1,0,36,1,2,120,1
392,1,0,0,3,1,0,21,0,0,7.7958,1
393,1,0,0,3,1,0,28,2,0,7.925,0
394,0,1,0,1,0,1,23,1,0,113.275,1
395,1,0,0,3,0,1,24,0,2,16.7,1
396,1,0,0,3,1,0,22,0,0,7.7958,0
397,1,0,0,3,0,1,31,0,0,7.8542,0
398,1,0,0,2,1,0,46,0,0,26,0
399,1,0,0,2,1,0,23,0,0,10.5,0
400,1,0,0,2,0,1,28,0,0,12.65,1
401,1,0,0,3,1,0,39,0,0,7.925,1
402,1,0,0,3,1,0,26,0,0,8.05,0
403,1,0,0,3,0,1,21,1,0,9.825,0
404,1,0,0,3,1,0,28,1,0,15.85,0
405,1,0,0,3,0,1,20,0,0,8.6625,0
406,1,0,0,2,1,0,34,1,0,21,0
407,1,0,0,3,1,0,51,0,0,7.75,0
408,1,0,0,2,1,0,3,1,1,18.75,1
409,1,0,0,3,1,0,21,0,0,7.775,0
410,1,0,0,3,0,1,29.985855728429986,3,1,25.4667,0
411,1,0,0,3,1,0,29.985855728429986,0,0,7.8958,0
412,0,0,1,3,1,0,29.985855728429986,0,0,6.8583,0
413,0,0,1,1,0,1,33,1,0,90,1
414,1,0,0,2,1,0,29.985855728429986,0,0,0,0
415,1,0,0,3,1,0,44,0,0,7.925,1
416,1,0,0,3,0,1,29.985855728429986,0,0,8.05,0
417,1,0,0,2,0,1,34,1,1,32.5,1
418,1,0,0,2,0,1,18,0,2,13,1
419,1,0,0,2,1,0,30,0,0,13,0
420,1,0,0,3,0,1,10,0,2,24.15,0
421,0,1,0,3,1,0,29.985855728429986,0,0,7.8958,0
422,0,0,1,3,1,0,21,0,0,7.7333,0
423,1,0,0,3,1,0,29,0,0,7.875,0
424,1,0,0,3,0,1,28,1,1,14.4,0
425,1,0,0,3,1,0,18,1,1,20.2125,0
426,1,0,0,3,1,0,29.985855728429986,0,0,7.25,0
427,1,0,0,2,0,1,28,1,0,26,1
428,1,0,0,2,0,1,19,0,0,26,1
429,0,0,1,3,1,0,29.985855728429986,0,0,7.75,0
430,1,0,0,3,1,0,32,0,0,8.05,1
431,1,0,0,1,1,0,28,0,0,26.55,1
432,1,0,0,3,0,1,29.985855728429986,1,0,16.1,1
433,1,0,0,2,0,1,42,1,0,26,1
434,1,0,0,3,1,0,17,0,0,7.125,0
435,1,0,0,1,1,0,50,1,0,55.9,0
436,1,0,0,1,0,1,14,1,2,120,1
437,1,0,0,3,0,1,21,2,2,34.375,0
438,1,0,0,2,0,1,24,2,3,18.75,1
439,1,0,0,1,1,0,64,1,4,263,0
440,1,0,0,2,1,0,31,0,0,10.5,0
441,1,0,0,2,0,1,45,1,1,26.25,1
442,1,0,0,3,1,0,20,0,0,9.5,0
443,1,0,0,3,1,0,25,1,0,7.775,0
444,1,0,0,2,0,1,28,0,0,13,1
445,1,0,0,3,1,0,29.985855728429986,0,0,8.1125,1
446,1,0,0,1,1,0,4,0,2,81.8583,1
447,1,0,0,2,0,1,13,0,1,19.5,1
448,1,0,0,1,1,0,34,0,0,26.55,1
449,0,1,0,3,0,1,5,2,1,19.2583,1
450,1,0,0,1,1,0,52,0,0,30.5,1
451,1,0,0,2,1,0,36,1,2,27.75,0
452,1,0,0,3,1,0,29.985855728429986,1,0,19.9667,0
453,0,1,0,1,1,0,30,0,0,27.75,0
454,0,1,0,1,1,0,49,1,0,89.1042,1
455,1,0,0,3,1,0,29.985855728429986,0,0,8.05,0
456,0,1,0,3,1,0,29,0,0,7.8958,1
457,1,0,0,1,1,0,65,0,0,26.55,0
458,1,0,0,1,0,1,29.985855728429986,1,0,51.8625,1
459,1,0,0,2,0,1,50,0,0,10.5,1
460,0,0,1,3,1,0,29.985855728429986,0,0,7.75,0
461,1,0,0,1,1,0,48,0,0,26.55,1
462,1,0,0,3,1,0,34,0,0,8.05,0
463,1,0,0,1,1,0,47,0,0,38.5,0
464,1,0,0,2,1,0,48,0,0,13,0
465,1,0,0,3,1,0,29.985855728429986,0,0,8.05,0
466,1,0,0,3,1,0,38,0,0,7.05,0
467,1,0,0,2,1,0,29.985855728429986,0,0,0,0
468,1,0,0,1,1,0,56,0,0,26.55,0
469,0,0,1,3,1,0,29.985855728429986,0,0,7.725,0
470,0,1,0,3,0,1,0.75,2,1,19.2583,1
471,1,0,0,3,1,0,29.985855728429986,0,0,7.25,0
472,1,0,0,3,1,0,38,0,0,8.6625,0
473,1,0,0,2,0,1,33,1,2,27.75,1
474,0,1,0,2,0,1,23,0,0,13.7917,1
475,1,0,0,3,0,1,22,0,0,9.8375,0
476,1,0,0,1,1,0,29.985855728429986,0,0,52,0
477,1,0,0,2,1,0,34,1,0,21,0
478,1,0,0,3,1,0,29,1,0,7.0458,0
479,1,0,0,3,1,0,22,0,0,7.5208,0
480,1,0,0,3,0,1,2,0,1,12.2875,1
481,1,0,0,3,1,0,9,5,2,46.9,0
482,1,0,0,2,1,0,29.985855728429986,0,0,0,0
483,1,0,0,3,1,0,50,0,0,8.05,0
484,1,0,0,3,0,1,63,0,0,9.5875,1
485,0,1,0,1,1,0,25,1,0,91.0792,1
486,1,0,0,3,0,1,29.985855728429986,3,1,25.4667,0
487,1,0,0,1,0,1,35,1,0,90,1
488,0,1,0,1,1,0,58,0,0,29.7,0
489,1,0,0,3,1,0,30,0,0,8.05,0
490,1,0,0,3,1,0,9,1,1,15.9,1
491,1,0,0,3,1,0,29.985855728429986,1,0,19.9667,0
492,1,0,0,3,1,0,21,0,0,7.25,0
493,1,0,0,1,1,0,55,0,0,30.5,0
494,0,1,0,1,1,0,71,0,0,49.5042,0
495,1,0,0,3,1,0,21,0,0,8.05,0
496,0,1,0,3,1,0,29.985855728429986,0,0,14.4583,0
497,0,1,0,1,0,1,54,1,0,78.2667,1
498,1,0,0,3,1,0,29.985855728429986,0,0,15.1,0
499,1,0,0,1,0,1,25,1,2,151.55,0
500,1,0,0,3,1,0,24,0,0,7.7958,0
501,1,0,0,3,1,0,17,0,0,8.6625,0
502,0,0,1,3,0,1,21,0,0,7.75,0
503,0,0,1,3,0,1,29.985855728429986,0,0,7.6292,0
504,1,0,0,3,0,1,37,0,0,9.5875,0
505,1,0,0,1,0,1,16,0,0,86.5,1
506,0,1,0,1,1,0,18,1,0,108.9,0
507,1,0,0,2,0,1,33,0,2,26,1
508,1,0,0,1,1,0,29.985855728429986,0,0,26.55,1
509,1,0,0,3,1,0,28,0,0,22.525,0
510,1,0,0,3,1,0,26,0,0,56.4958,1
511,0,0,1,3,1,0,29,0,0,7.75,1
512,1,0,0,3,1,0,29.985855728429986,0,0,8.05,0
513,1,0,0,1,1,0,36,0,0,26.2875,1
514,0,1,0,1,0,1,54,1,0,59.4,1
515,1,0,0,3,1,0,24,0,0,7.4958,0
516,1,0,0,1,1,0,47,0,0,34.0208,0
517,1,0,0,2,0,1,34,0,0,10.5,1
518,0,0,1,3,1,0,29.985855728429986,0,0,24.15,0
519,1,0,0,2,0,1,36,1,0,26,1
520,1,0,0,3,1,0,32,0,0,7.8958,0
521,1,0,0,1,0,1,30,0,0,93.5,1
522,1,0,0,3,1,0,22,0,0,7.8958,0
523,0,1,0,3,1,0,29.985855728429986,0,0,7.225,0
524,0,1,0,1,0,1,44,0,1,57.9792,1
525,0,1,0,3,1,0,29.985855728429986,0,0,7.2292,0
526,0,0,1,3,1,0,40.5,0,0,7.75,0
527,1,0,0,2,0,1,50,0,0,10.5,1
528,1,0,0,1,1,0,29.985855728429986,0,0,221.7792,0
529,1,0,0,3,1,0,39,0,0,7.925,0
530,1,0,0,2,1,0,23,2,1,11.5,0
531,1,0,0,2,0,1,2,1,1,26,1
532,0,1,0,3,1,0,29.985855728429986,0,0,7.2292,0
533,0,1,0,3,1,0,17,1,1,7.2292,0
534,0,1,0,3,0,1,29.985855728429986,0,2,22.3583,1
535,1,0,0,3,0,1,30,0,0,8.6625,0
536,1,0,0,2,0,1,7,0,2,26.25,1
537,1,0,0,1,1,0,45,0,0,26.55,0
538,0,1,0,1,0,1,30,0,0,106.425,1
539,1,0,0,3,1,0,29.985855728429986,0,0,14.5,0
540,0,1,0,1,0,1,22,0,2,49.5,1
541,1,0,0,1,0,1,36,0,2,71,1
542,1,0,0,3,0,1,9,4,2,31.275,0
543,1,0,0,3,0,1,11,4,2,31.275,0
544,1,0,0,2,1,0,32,1,0,26,1
545,0,1,0,1,1,0,50,1,0,106.425,0
546,1,0,0,1,1,0,64,0,0,26,0
547,1,0,0,2,0,1,19,1,0,26,1
548,0,1,0,2,1,0,29.985855728429986,0,0,13.8625,1
549,1,0,0,3,1,0,33,1,1,20.525,0
550,1,0,0,2,1,0,8,1,1,36.75,1
551,0,1,0,1,1,0,17,0,2,110.8833,1
552,1,0,0,2,1,0,27,0,0,26,0
553,0,0,1,3,1,0,29.985855728429986,0,0,7.8292,0
554,0,1,0,3,1,0,22,0,0,7.225,1
555,1,0,0,3,0,1,22,0,0,7.775,1
556,1,0,0,1,1,0,62,0,0,26.55,0
557,0,1,0,1,0,1,48,1,0,39.6,1
558,0,1,0,1,1,0,29.985855728429986,0,0,227.525,0
559,1,0,0,1,0,1,39,1,1,79.65,1
560,1,0,0,3,0,1,36,1,0,17.4,1
561,0,0,1,3,1,0,29.985855728429986,0,0,7.75,0
562,1,0,0,3,1,0,40,0,0,7.8958,0
563,1,0,0,2,1,0,28,0,0,13.5,0
564,1,0,0,3,1,0,29.985855728429986,0,0,8.05,0
565,1,0,0,3,0,1,29.985855728429986,0,0,8.05,0
566,1,0,0,3,1,0,24,2,0,24.15,0
567,1,0,0,3,1,0,19,0,0,7.8958,0
568,1,0,0,3,0,1,29,0,4,21.075,0
569,0,1,0,3,1,0,29.985855728429986,0,0,7.2292,0
570,1,0,0,3,1,0,32,0,0,7.8542,1
571,1,0,0,2,1,0,62,0,0,10.5,1
572,1,0,0,1,0,1,53,2,0,51.4792,1
573,1,0,0,1,1,0,36,0,0,26.3875,1
574,0,0,1,3,0,1,29.985855728429986,0,0,7.75,1
575,1,0,0,3,1,0,16,0,0,8.05,0
576,1,0,0,3,1,0,19,0,0,14.5,0
577,1,0,0,2,0,1,34,0,0,13,1
578,1,0,0,1,0,1,39,1,0,55.9,1
579,0,1,0,3,0,1,29.985855728429986,1,0,14.4583,0
580,1,0,0,3,1,0,32,0,0,7.925,1
581,1,0,0,2,0,1,25,1,1,30,1
582,0,1,0,1,0,1,39,1,1,110.8833,1
583,1,0,0,2,1,0,54,0,0,26,0
584,0,1,0,1,1,0,36,0,0,40.125,0
585,0,1,0,3,1,0,29.985855728429986,0,0,8.7125,0
586,1,0,0,1,0,1,18,0,2,79.65,1
587,1,0,0,2,1,0,47,0,0,15,0
588,0,1,0,1,1,0,60,1,1,79.2,1
589,1,0,0,3,1,0,22,0,0,8.05,0
590,1,0,0,3,1,0,29.985855728429986,0,0,8.05,0
591,1,0,0,3,1,0,35,0,0,7.125,0
592,0,1,0,1,0,1,52,1,0,78.2667,1
593,1,0,0,3,1,0,47,0,0,7.25,0
594,0,0,1,3,0,1,29.985855728429986,0,2,7.75,0
595,1,0,0,2,1,0,37,1,0,26,0
596,1,0,0,3,1,0,36,1,1,24.15,0
597,1,0,0,2,0,1,29.985855728429986,0,0,33,1
598,1,0,0,3,1,0,49,0,0,0,0
599,0,1,0,3,1,0,29.985855728429986,0,0,7.225,0
600,0,1,0,1,1,0,49,1,0,56.9292,1
601,1,0,0,2,0,1,24,2,1,27,1
602,1,0,0,3,1,0,29.985855728429986,0,0,7.8958,0
603,1,0,0,1,1,0,29.985855728429986,0,0,42.4,0
604,1,0,0,3,1,0,44,0,0,8.05,0
605,0,1,0,1,1,0,35,0,0,26.55,1
606,1,0,0,3,1,0,36,1,0,15.55,0
607,1,0,0,3,1,0,30,0,0,7.8958,0
608,1,0,0,1,1,0,27,0,0,30.5,1
609,0,1,0,2,0,1,22,1,2,41.5792,1
610,1,0,0,1,0,1,40,0,0,153.4625,1
611,1,0,0,3,0,1,39,1,5,31.275,0
612,1,0,0,3,1,0,29.985855728429986,0,0,7.05,0
613,0,0,1,3,0,1,29.985855728429986,1,0,15.5,1
614,0,0,1,3,1,0,29.985855728429986,0,0,7.75,0
615,1,0,0,3,1,0,35,0,0,8.05,0
616,1,0,0,2,0,1,24,1,2,65,1
617,1,0,0,3,1,0,34,1,1,14.4,0
618,1,0,0,3,0,1,26,1,0,16.1,0
619,1,0,0,2,0,1,4,2,1,39,1
620,1,0,0,2,1,0,26,0,0,10.5,0
621,0,1,0,3,1,0,27,1,0,14.4542,0
622,1,0,0,1,1,0,42,1,0,52.5542,1
623,0,1,0,3,1,0,20,1,1,15.7417,1
624,1,0,0,3,1,0,21,0,0,7.8542,0
625,1,0,0,3,1,0,21,0,0,16.1,0
626,1,0,0,1,1,0,61,0,0,32.3208,0
627,0,0,1,2,1,0,57,0,0,12.35,0
628,1,0,0,1,0,1,21,0,0,77.9583,1
629,1,0,0,3,1,0,26,0,0,7.8958,0
630,0,0,1,3,1,0,29.985855728429986,0,0,7.7333,0
631,1,0,0,1,1,0,80,0,0,30,1
632,1,0,0,3,1,0,51,0,0,7.0542,0
633,0,1,0,1,1,0,32,0,0,30.5,1
634,1,0,0,1,1,0,29.985855728429986,0,0,0,0
635,1,0,0,3,0,1,9,3,2,27.9,0
636,1,0,0,2,0,1,28,0,0,13,1
637,1,0,0,3,1,0,32,0,0,7.925,0
638,1,0,0,2,1,0,31,1,1,26.25,0
639,1,0,0,3,0,1,41,0,5,39.6875,0
640,1,0,0,3,1,0,29.985855728429986,1,0,16.1,0
641,1,0,0,3,1,0,20,0,0,7.8542,0
642,0,1,0,1,0,1,24,0,0,69.3,1
643,1,0,0,3,0,1,2,3,2,27.9,0
644,1,0,0,3,1,0,29.985855728429986,0,0,56.4958,1
645,0,1,0,3,0,1,0.75,2,1,19.2583,1
646,0,1,0,1,1,0,48,1,0,76.7292,1
647,1,0,0,3,1,0,19,0,0,7.8958,0
648,0,1,0,1,1,0,56,0,0,35.5,1
649,1,0,0,3,1,0,29.985855728429986,0,0,7.55,0
650,1,0,0,3,0,1,23,0,0,7.55,1
651,1,0,0,3,1,0,29.985855728429986,0,0,7.8958,0
652,1,0,0,2,0,1,18,0,1,23,1
653,1,0,0,3,1,0,21,0,0,8.4333,0
654,0,0,1,3,0,1,29.985855728429986,0,0,7.8292,1
655,0,0,1,3,0,1,18,0,0,6.75,0
656,1,0,0,2,1,0,24,2,0,73.5,0
657,1,0,0,3,1,0,29.985855728429986,0,0,7.8958,0
658,0,0,1,3,0,1,32,1,1,15.5,0
659,1,0,0,2,1,0,23,0,0,13,0
660,0,1,0,1,1,0,58,0,2,113.275,0
661,1,0,0,1,1,0,50,2,0,133.65,1
662,0,1,0,3,1,0,40,0,0,7.225,0
663,1,0,0,1,1,0,47,0,0,25.5875,0
664,1,0,0,3,1,0,36,0,0,7.4958,0
665,1,0,0,3,1,0,20,1,0,7.925,1
666,1,0,0,2,1,0,32,2,0,73.5,0
667,1,0,0,2,1,0,25,0,0,13,0
668,1,0,0,3,1,0,29.985855728429986,0,0,7.775,0
669,1,0,0,3,1,0,43,0,0,8.05,0
670,1,0,0,1,0,1,29.985855728429986,1,0,52,1
671,1,0,0,2,0,1,40,1,1,39,1
672,1,0,0,1,1,0,31,1,0,52,0
673,1,0,0,2,1,0,70,0,0,10.5,0
674,1,0,0,2,1,0,31,0,0,13,1
675,1,0,0,2,1,0,29.985855728429986,0,0,0,0
676,1,0,0,3,1,0,18,0,0,7.775,0
677,1,0,0,3,1,0,24.5,0,0,8.05,0
678,1,0,0,3,0,1,18,0,0,9.8417,1
679,1,0,0,3,0,1,43,1,6,46.9,0
680,0,1,0,1,1,0,36,0,1,512.3292,1
681,0,0,1,3,0,1,29.985855728429986,0,0,8.1375,0
682,0,1,0,1,1,0,27,0,0,76.7292,1
683,1,0,0,3,1,0,20,0,0,9.225,0
684,1,0,0,3,1,0,14,5,2,46.9,0
685,1,0,0,2,1,0,60,1,1,39,0
686,0,1,0,2,1,0,25,1,2,41.5792,0
687,1,0,0,3,1,0,14,4,1,39.6875,0
688,1,0,0,3,1,0,19,0,0,10.1708,0
689,1,0,0,3,1,0,18,0,0,7.7958,0
690,1,0,0,1,0,1,15,0,1,211.3375,1
691,1,0,0,1,1,0,31,1,0,57,1
692,0,1,0,3,0,1,4,0,1,13.4167,1
693,1,0,0,3,1,0,29.985855728429986,0,0,56.4958,1
694,0,1,0,3,1,0,25,0,0,7.225,0
695,1,0,0,1,1,0,60,0,0,26.55,0
696,1,0,0,2,1,0,52,0,0,13.5,0
697,1,0,0,3,1,0,44,0,0,8.05,0
698,0,0,1,3,0,1,29.985855728429986,0,0,7.7333,1
699,0,1,0,1,1,0,49,1,1,110.8833,0
700,1,0,0,3,1,0,42,0,0,7.65,0
701,0,1,0,1,0,1,18,1,0,227.525,1
702,1,0,0,1,1,0,35,0,0,26.2875,1
703,0,1,0,3,0,1,18,0,1,14.4542,0
704,0,0,1,3,1,0,25,0,0,7.7417,0
705,1,0,0,3,1,0,26,1,0,7.8542,0
706,1,0,0,2,1,0,39,0,0,26,0
707,1,0,0,2,0,1,45,0,0,13.5,1
708,1,0,0,1,1,0,42,0,0,26.2875,1
709,1,0,0,1,0,1,22,0,0,151.55,1
710,0,1,0,3,1,0,29.985855728429986,1,1,15.2458,1
711,0,1,0,1,0,1,24,0,0,49.5042,1
712,1,0,0,1,1,0,29.985855728429986,0,0,26.55,0
713,1,0,0,1,1,0,48,1,0,52,1
714,1,0,0,3,1,0,29,0,0,9.4833,0
715,1,0,0,2,1,0,52,0,0,13,0
716,1,0,0,3,1,0,19,0,0,7.65,0
717,0,1,0,1,0,1,38,0,0,227.525,1
718,1,0,0,2,0,1,27,0,0,10.5,1
719,0,0,1,3,1,0,29.985855728429986,0,0,15.5,0
720,1,0,0,3,1,0,33,0,0,7.775,0
721,1,0,0,2,0,1,6,0,1,33,1
722,1,0,0,3,1,0,17,1,0,7.0542,0
723,1,0,0,2,1,0,34,0,0,13,0
724,1,0,0,2,1,0,50,0,0,13,0
725,1,0,0,1,1,0,27,1,0,53.1,1
726,1,0,0,3,1,0,20,0,0,8.6625,0
727,1,0,0,2,0,1,30,3,0,21,1
728,0,0,1,3,0,1,29.985855728429986,0,0,7.7375,1
729,1,0,0,2,1,0,25,1,0,26,0
730,1,0,0,3,0,1,25,1,0,7.925,0
731,1,0,0,1,0,1,29,0,0,211.3375,1
732,0,1,0,3,1,0,11,0,0,18.7875,0
733,1,0,0,2,1,0,29.985855728429986,0,0,0,0
734,1,0,0,2,1,0,23,0,0,13,0
735,1,0,0,2,1,0,23,0,0,13,0
736,1,0,0,3,1,0,28.5,0,0,16.1,0
737,1,0,0,3,0,1,48,1,3,34.375,0
738,0,1,0,1,1,0,35,0,0,512.3292,1
739,1,0,0,3,1,0,29.985855728429986,0,0,7.8958,0
740,1,0,0,3,1,0,29.985855728429986,0,0,7.8958,0
741,1,0,0,1,1,0,29.985855728429986,0,0,30,1
742,1,0,0,1,1,0,36,1,0,78.85,0
743,0,1,0,1,0,1,21,2,2,262.375,1
744,1,0,0,3,1,0,24,1,0,16.1,0
745,1,0,0,3,1,0,31,0,0,7.925,1
746,1,0,0,1,1,0,70,1,1,71,0
747,1,0,0,3,1,0,16,1,1,20.25,0
748,1,0,0,2,0,1,30,0,0,13,1
749,1,0,0,1,1,0,19,1,0,53.1,0
750,0,0,1,3,1,0,31,0,0,7.75,0
751,1,0,0,2,0,1,4,1,1,23,1
752,1,0,0,3,1,0,6,0,1,12.475,1
753,1,0,0,3,1,0,33,0,0,9.5,0
754,1,0,0,3,1,0,23,0,0,7.8958,0
755,1,0,0,2,0,1,48,1,2,65,1
756,1,0,0,2,1,0,0.67,1,1,14.5,1
757,1,0,0,3,1,0,28,0,0,7.7958,0
758,1,0,0,2,1,0,18,0,0,11.5,0
759,1,0,0,3,1,0,34,0,0,8.05,0
760,1,0,0,1,0,1,33,0,0,86.5,1
761,1,0,0,3,1,0,29.985855728429986,0,0,14.5,0
762,1,0,0,3,1,0,41,0,0,7.125,0
763,0,1,0,3,1,0,20,0,0,7.2292,1
764,1,0,0,1,0,1,36,1,2,120,1
765,1,0,0,3,1,0,16,0,0,7.775,0
766,1,0,0,1,0,1,51,1,0,77.9583,1
767,0,1,0,1,1,0,29.985855728429986,0,0,39.6,0
768,0,0,1,3,0,1,30.5,0,0,7.75,0
769,0,0,1,3,1,0,29.985855728429986,1,0,24.15,0
770,1,0,0,3,1,0,32,0,0,8.3625,0
771,1,0,0,3,1,0,24,0,0,9.5,0
772,1,0,0,3,1,0,48,0,0,7.8542,0
773,1,0,0,2,0,1,57,0,0,10.5,0
774,0,1,0,3,1,0,29.985855728429986,0,0,7.225,0
775,1,0,0,2,0,1,54,1,3,23,1
776,1,0,0,3,1,0,18,0,0,7.75,0
777,0,0,1,3,1,0,29.985855728429986,0,0,7.75,0
778,1,0,0,3,0,1,5,0,0,12.475,1
779,0,0,1,3,1,0,29.985855728429986,0,0,7.7375,0
780,1,0,0,1,0,1,43,0,1,211.3375,1
781,0,1,0,3,0,1,13,0,0,7.2292,1
782,1,0,0,1,0,1,17,1,0,57,1
783,1,0,0,1,1,0,29,0,0,30,0
784,1,0,0,3,1,0,29.985855728429986,1,2,23.45,0
785,1,0,0,3,1,0,25,0,0,7.05,0
786,1,0,0,3,1,0,25,0,0,7.25,0
787,1,0,0,3,0,1,18,0,0,7.4958,1
788,0,0,1,3,1,0,8,4,1,29.125,0
789,1,0,0,3,1,0,1,1,2,20.575,1
790,0,1,0,1,1,0,46,0,0,79.2,0
791,0,0,1,3,1,0,29.985855728429986,0,0,7.75,0
792,1,0,0,2,1,0,16,0,0,26,0
793,1,0,0,3,0,1,29.985855728429986,8,2,69.55,0
794,0,1,0,1,1,0,29.985855728429986,0,0,30.6958,0
795,1,0,0,3,1,0,25,0,0,7.8958,0
796,1,0,0,2,1,0,39,0,0,13,0
797,1,0,0,1,0,1,49,0,0,25.9292,1
798,1,0,0,3,0,1,31,0,0,8.6833,1
799,0,1,0,3,1,0,30,0,0,7.2292,0
800,1,0,0,3,0,1,30,1,1,24.15,0
801,1,0,0,2,1,0,34,0,0,13,0
802,1,0,0,2,0,1,31,1,1,26.25,1
803,1,0,0,1,1,0,11,1,2,120,1
804,0,1,0,3,1,0,0.42,0,1,8.5167,1
805,1,0,0,3,1,0,27,0,0,6.975,1
806,1,0,0,3,1,0,31,0,0,7.775,0
807,1,0,0,1,1,0,39,0,0,0,0
808,1,0,0,3,0,1,18,0,0,7.775,0
809,1,0,0,2,1,0,39,0,0,13,0
810,1,0,0,1,0,1,33,1,0,53.1,1
811,1,0,0,3,1,0,26,0,0,7.8875,0
812,1,0,0,3,1,0,39,0,0,24.15,0
813,1,0,0,2,1,0,35,0,0,10.5,0
814,1,0,0,3,0,1,6,4,2,31.275,0
815,1,0,0,3,1,0,30.5,0,0,8.05,0
816,1,0,0,1,1,0,29.985855728429986,0,0,0,0
817,1,0,0,3,0,1,23,0,0,7.925,0
818,0,1,0,2,1,0,31,1,1,37.0042,0
819,1,0,0,3,1,0,43,0,0,6.45,0
820,1,0,0,3,1,0,10,3,2,27.9,0
821,1,0,0,1,0,1,52,1,1,93.5,1
822,1,0,0,3,1,0,27,0,0,8.6625,1
823,1,0,0,1,1,0,38,0,0,0,0
824,1,0,0,3,0,1,27,0,1,12.475,1
825,1,0,0,3,1,0,2,4,1,39.6875,0
826,0,0,1,3,1,0,29.985855728429986,0,0,6.95,0
827,1,0,0,3,1,0,29.985855728429986,0,0,56.4958,0
828,0,1,0,2,1,0,1,0,2,37.0042,1
829,0,0,1,3,1,0,29.985855728429986,0,0,7.75,1
830,0,0,0,1,0,1,62,0,0,80,1
831,0,1,0,3,0,1,15,1,0,14.4542,1
832,1,0,0,2,1,0,0.83,1,1,18.75,1
833,0,1,0,3,1,0,29.985855728429986,0,0,7.2292,0
834,1,0,0,3,1,0,23,0,0,7.8542,0
835,1,0,0,3,1,0,18,0,0,8.3,0
836,0,1,0,1,0,1,39,1,1,83.1583,1
837,1,0,0,3,1,0,21,0,0,8.6625,0
838,1,0,0,3,1,0,29.985855728429986,0,0,8.05,0
839,1,0,0,3,1,0,32,0,0,56.4958,1
840,0,1,0,1,1,0,29.985855728429986,0,0,29.7,1
841,1,0,0,3,1,0,20,0,0,7.925,0
842,1,0,0,2,1,0,16,0,0,10.5,0
843,0,1,0,1,0,1,30,0,0,31,1
844,0,1,0,3,1,0,34.5,0,0,6.4375,0
845,1,0,0,3,1,0,17,0,0,8.6625,0
846,1,0,0,3,1,0,42,0,0,7.55,0
847,1,0,0,3,1,0,29.985855728429986,8,2,69.55,0
848,0,1,0,3,1,0,35,0,0,7.8958,0
849,1,0,0,2,1,0,28,0,1,33,0
850,0,1,0,1,0,1,29.985855728429986,1,0,89.1042,1
851,1,0,0,3,1,0,4,4,2,31.275,0
852,1,0,0,3,1,0,74,0,0,7.775,0
853,0,1,0,3,0,1,9,1,1,15.2458,0
854,1,0,0,1,0,1,16,0,1,39.4,1
855,1,0,0,2,0,1,44,1,0,26,0
856,1,0,0,3,0,1,18,0,1,9.35,1
857,1,0,0,1,0,1,45,1,1,164.8667,1
858,1,0,0,1,1,0,51,0,0,26.55,1
859,0,1,0,3,0,1,24,0,3,19.2583,1
860,0,1,0,3,1,0,29.985855728429986,0,0,7.2292,0
861,1,0,0,3,1,0,41,2,0,14.1083,0
862,1,0,0,2,1,0,21,1,0,11.5,0
863,1,0,0,1,0,1,48,0,0,25.9292,1
864,1,0,0,3,0,1,29.985855728429986,8,2,69.55,0
865,1,0,0,2,1,0,24,0,0,13,0
866,1,0,0,2,0,1,42,0,0,13,1
867,0,1,0,2,0,1,27,1,0,13.8583,1
868,1,0,0,1,1,0,31,0,0,50.4958,0
869,1,0,0,3,1,0,29.985855728429986,0,0,9.5,0
870,1,0,0,3,1,0,4,1,1,11.1333,1
871,1,0,0,3,1,0,26,0,0,7.8958,0
872,1,0,0,1,0,1,47,1,1,52.5542,1
873,1,0,0,1,1,0,33,0,0,5,0
874,1,0,0,3,1,0,47,0,0,9,0
875,0,1,0,2,0,1,28,1,0,24,1
876,0,1,0,3,0,1,15,0,0,7.225,1
877,1,0,0,3,1,0,20,0,0,9.8458,0
878,1,0,0,3,1,0,19,0,0,7.8958,0
879,1,0,0,3,1,0,29.985855728429986,0,0,7.8958,0
880,0,1,0,1,0,1,56,0,1,83.1583,1
881,1,0,0,2,0,1,25,0,1,26,1
882,1,0,0,3,1,0,33,0,0,7.8958,0
883,1,0,0,3,0,1,22,0,0,10.5167,0
884,1,0,0,2,1,0,28,0,0,10.5,0
885,1,0,0,3,1,0,25,0,0,7.05,0
886,0,0,1,3,0,1,39,0,5,29.125,0
887,1,0,0,2,1,0,27,0,0,13,0
888,1,0,0,1,0,1,19,0,0,30,1
889,1,0,0,3,0,1,29.985855728429986,1,2,23.45,0
890,0,1,0,1,1,0,26,0,0,30,1
891,0,0,1,3,1,0,32,0,0,7.75,0
